brands,sourceUrl,type,produces,id,source,evConversionPlans,investmentAmount,countryId,manufacturer,location.lat,location.lng,city,name
Mercedes-Benz minibuses,https://www.sustainable-bus.com/news/investment-company-resvion-takes-over-tremonia/,ev,"LCVs, Buses",aequita-dortmund,Sustainable Bus,"The Dortmund facility produces the City 45 Electric and City 75 Electric minibuses. Under the ownership of RESVION, the site has expanded across Europe and scaled production to 1,200 units annually through 2026.",No data available.,DEU,AEQUITA,51.513587,7.465298,Dortmund,AEQUITA Dortmund
"Truston trucks, UpCity electric buses",https://www.romania-insider.com/romanian-truck-producer-atp-build-second-assembly-plant-trucks-and-buses,ev,"HDVs, Buses",atp-exodus-baia-mare,Romania Insider,"ATP Trucks Automobile is constructing a second assembly plant in Baia Mare. The facility features two production halls totaling 31,000 sqm and is dedicated to the assembly of electric and hydrogen trucks and buses.",€25m for initial electric vehicle program,ROU,ATP EXODUS GROUP,47.65396889,23.50364299,Baia Mare,ATP EXODUS GROUP Baia Mare
Gillet sports cars,https://www.automobile-propre.com/tensity-e-truck-linattendu-utilitaire-electrique-belge-imagine-grace-a-la-dacia-spring/,ev,Cars,automobiles-gillet-gembloux,Automobile Propre,"Automobiles Gillet is developing the Tensity E-Truck, a compact electric light commercial vehicle for urban deliveries. The van features a 45 kWh battery with an estimated 250 km range and utilizes Dacia Spring powertrain components.",No data available.,BEL,AUTOMOBILES GILLET,50.4975755,4.724683631,Gembloux,AUTOMOBILES GILLET Gembloux
Autosan,https://korsosanockie.pl/wiadomosci/autosan-zycie-po-zyciu-z-fabrycznych-hal-powialo-zefirkiem-optymizmu/,ev,Buses,autosan-sanok,Korso Sanockie,"Autosan is expanding its zero-emission lineup with a new series of electric and intercity buses that were planned for a 2025 launch. This follows the 2024 completion of the Autoelektrosan project, which introduced an innovative external battery and drivetrain module.",No data available.,POL,AUTOSAN,49.54747528,22.21807202,Sanok,AUTOSAN Sanok
Ayats buses and coaches,https://www.mintur.gob.es/portalayudas/perte-vec-b/Paginas/Resolucion.aspx,ev,Buses,ayats-arbcies,Ministry of Industry and Tourism (MINTUR) - PERTE VEC II Resolutions,Carrocerías Ayats manufactures lightweight electric buses at its Arbúcies site using an industrial process supported by the PERTE VEC II program. The facility also features a dedicated workshop for converting diesel buses into electric vehicles.,"€886,822 total eligible investment budget",ESP,AYATS,41.80951676,2.523983111,Arbúcies,AYATS Arbúcies
Beulas,https://mobilityportal.eu/fabricacion-de-cargadores-autobuses-y-mas-los-proyectos-aprobados-del-moves-singulares-ii/,ev,Buses,beulas-sau-arbcies,Mobility Portal,"Beulas produces zero-emission buses, including the 12-meter electric intercity model and the Jewel E electric double-decker. The company also develops green hydrogen intercity coaches through the Future BusH project.","€1,927,046 investment in the plant",ESP,BEULAS S.A.U.,41.82526049,2.514196468,Arbúcies,BEULAS S.A.U. Arbúcies
Euro Bus Diamond,https://green-forum.eu/2023/12/05/100-electric-busses-to-be-put-into-circulation-in-bucharest/,ev,Buses,bmc-ciorogrla,Green Forum / Business Review,The Ciorogârla plant produces EuroBus Diamond electric buses and minibuses with an initial capacity of 200 units per year. A second facility was planned to increase total production capacity to 700-800 electric vehicles annually for domestic and European markets.,€5 million in plant investment,ROU,BMC GROUP,44.44267165,25.91881966,Ciorogârla (Bucharest),BMC GROUP Ciorogârla (Bucharest)
BMW,https://www.bmwgroup-werke.com/dingolfing/en.html,ev,"Cars, Batteries",bmw-dingolfing,BMW Group,"BMW Group Plant Dingolfing produces electric models including the i5, iX, and i7, with a target set in 2024 for EVs to reach 40% of total output. A new facility in Irlbach-Straßkirchen is scheduled to begin supplying 6th-generation batteries for Neue Klasse models in late 2026.",Over €1 billion for plant expansion,DEU,BMW GROUP,48.643481,12.485198,Dingolfing,BMW GROUP Dingolfing
Electric motors and range extender; Hydrogen-electric drive train,https://www.electrive.com/2024/04/19/germany-bmw-expands-production-of-ev-components-in-landshut/,ev,Engines/Electric motors,bmw-ergolding,electrive,"The Landshut plant manufactures aluminum housings for Neue Klasse electric drive units in a 12,000-square-meter facility. As of mid-2026, the site has begun series production of the Energy Master central control unit interface.",€500m investment in EV production,DEU,BMW GROUP,48.56113204,12.15212686,Ergolding (Landshut),BMW GROUP Ergolding (Landshut)
"BMW, Mini; Battery modules",https://www.press.bmwgroup.com/global/article/detail/T0408253EN/,ev,"Cars, Batteries",bmw-leipzig,BMW Group PressClub,"The Leipzig plant produces up to 300,000 high-voltage batteries annually for the MINI Countryman Electric and BMW iX1, i4, i5, and iX models. The facility manages the full process chain from cell coating to final assembly and operates a dedicated battery logistics center.",€800m to €1b plant investment,DEU,BMW GROUP,51.4025447,12.4532071,Leipzig,BMW GROUP Leipzig
BMW; Battery modules,https://www.press.bmwgroup.com/global/article/detail/T0436979EN/new-battery-testing-centre:-bmw-group-to-invest-more-than-100-million-euros-in-wackersdorf-site-by-2026,ev,"Cars, Batteries",bmw-regensburg,BMW Group,BMW Group Regensburg assembles the fully electric iX1 and iX2 models. The site has expanded with a new battery testing center in Wackersdorf and a high-voltage battery assembly plant in Irlbach-Straszkirchen to support the production of Neue Klasse electric vehicles starting in 2026.,€100 million in plant investment,DEU,BMW GROUP,49.01343,12.101624,Regensburg,BMW GROUP Regensburg
Diesel and petrol engines for BMW and MINI,https://www.electrive.com/2024/09/05/bmw-plant-steyr-pre-series-start-for-electric-motors-of-the-neue-klasse/,ev,Engines/Electric motors,bmw-steyr,electrive.com,"The BMW Steyr plant produces sixth-generation electric drives for Neue Klasse vehicles. The facility manufactures rotors, stators, transmissions, and inverters with an annual capacity of 600,000 units. Full series production commenced in August 2025.",€1 billion in plant investment,AUT,BMW GROUP,48.0541873,14.4504287,Steyr,BMW GROUP Steyr
"EV Bluebus, Bluesolutions (Lithium-ion polymer batteries)",https://presse.economie.gouv.fr/blue-solutions-produira-en-france-les-batteries-solides-du-futur/,ev,"Buses, Batteries",bollore-ergu-gabric,"Ministère de l'Économie, des Finances et de la Souveraineté industrielle et numérique","Blue Solutions is expanding its Ergué-Gabéric facility to include an advanced R&D center and a pilot line for 4th generation solid-state lithium-metal batteries. Construction commenced in 2026, creating 230 new jobs at the site.",€2.2bn for global solid-state battery project,FRA,BOLLORE,48.01034178,-4.012228085,Ergué-Gabéric,BOLLORE Ergué-Gabéric
Bugatti,https://www.autocar.co.uk/car-news/new-cars/bugatti-expand-molsheim-hq-prepare-electric-hypercar,ev,Cars,bugatti-rimac-molsheim,Autocar,"The Molsheim headquarters features a 2,120-square-meter facility for assembling next-generation hybrid hypercars like the V16 Tourbillon. While Rimac Technology supplies the EV batteries and powertrains, this site focuses on final systems integration and assembly. Construction on the expansion was scheduled to commence in late 2024.",No data available.,FRA,BUGATTI RIMAC,48.5404,7.492,Molsheim,BUGATTI RIMAC Molsheim
BYD electric buses,https://www.electrive.com/2025/06/30/electric-buses-for-europe-byd-triples-capacity-at-komarom-plant/,ev,Buses,byd-komarm,electrive.com,"BYD has tripled its capacity at this facility to produce 1,250 electric buses and trucks annually, a target set for 2025. The site includes a 29,000-square-meter production plant and an R&D test lab, while other Hungarian locations manage passenger EV and battery production.",€80m investment in plant facilities,HUN,BYD,47.7451335,18.0833677,Komaróm,BYD Komaróm
Solaris,https://www.cafmobility.com,ev,Buses,caf-bolechowo,CAF Group,The Solaris Bus & Coach facility in Bolechowo is a leading electric bus manufacturer. Ongoing investments through 2026 include new equipment and vehicle finishing platforms to increase production capacity for zero-emission buses.,No data available.,POL,CAF GROUP,52.54655482,16.97661254,Bolechowo,CAF GROUP Bolechowo
Castrosua,https://bus-news.com/grupo-castrosua-and-yutong-sign-loi-for-development-manufacturing-of-electric-buses/,ev,Buses,castrosua-santiago-de-compostela,Bus-News,"The Santiago de Compostela facility produces electric bus bodies and has fully electrified its commercial range. The site scales EV production through a partnership with Yutong and assembles buses using chassis from BYD, Volvo, and Scania. Castrosua also recently launched the Neno nano electric vehicle.",No data available.,ESP,CASTROSUA,42.9055,-8.516841,Santiago de Compostela,CASTROSUA Santiago de Compostela
DAF; Battery packs,https://cleantechnica.com/2023/05/01/dafs-all-new-electric-truck-assembly-plant-in-the-netherlands-is-officially-open/,ev,"HDVs, Engines/Electric motors, Batteries",daf-trucks-nv-eindhoven,CleanTechnica,"DAF Trucks operates a 5,000-square-meter Electric Truck Assembly Plant in Eindhoven. The facility produces battery-electric DAF XD, XF, and XB models, with an annual capacity of thousands of zero-emission trucks.",No data available.,NLD,DAF TRUCKS NV,51.441642,5.469722,Eindhoven,DAF TRUCKS NV Eindhoven
Mercedes-Benz by EvoBus,https://www.sustainable-bus.com/news/first-made-in-france-mercedes-ecitaro-rolls-off-production-lines-in-ligny-en-barrois/,ev,Buses,daimler-truck-ligny-en-barrois,Sustainable Bus,"The Ligny-en-Barrois plant is Daimler Truck's largest European electric bus production center. Production of the Mercedes eCitaro commenced in June 2024, with the facility aiming for 100% electric bus production by 2030.",€142m total investment for 2024 rollout,FRA,DAIMLER TRUCK,48.68827,5.32397,Ligny-en-Barrois,DAIMLER TRUCK Ligny-en-Barrois
"Mercedes-Benz, EvoBus; truck engines; battery packs (InnoLab Battery)",https://www.daimlertruck.com/en/newsroom,ev,"Buses, Engines/Electric motors, Batteries",daimler-truck-mannheim,Daimler Truck,"The Mannheim plant is a competence center for battery technologies and high-voltage systems. Since 2024, the facility has focused exclusively on producing fully electric city buses, including the eCitaro. Series production of next-generation batteries is planned for the late 2020s.",Part of €2bn German production investment,DEU,DAIMLER TRUCK,49.487459,8.466039,Mannheim,DAIMLER TRUCK Mannheim
Mercedes-Benz custom tailored trucks,https://mercedes-benz-trucks-molsheim.fr/,ev,HDVs,daimler-truck-molsheim,Mercedes-Benz Trucks Molsheim,"The Molsheim facility produces pre-series electric heavy-duty vehicles and prototypes, including the eActros 300 lowliner. Following the production of over 100 electric units in 2023, the site underwent structural transformations, including new tooling and staff training, to scale up electric vehicle operations.",No data available.,FRA,DAIMLER TRUCK,48.539254,7.5178083,Molsheim,DAIMLER TRUCK Molsheim
"Mercedes-Benz, Setra, EvoBus",https://www.daimlertruck.com/en/newsroom/pressrelease/management-of-daimler-buses-and-general-works-council-agree-on-target-picture-to-ensure-competitiveness-and-the-german-sites-52317141,ev,Buses,daimler-truck-neu-ulm,Daimler Truck,"The Neu-Ulm plant is scheduled to begin production of fully electric intercity buses in the second half of the decade. Plans include expanding to battery-electric and hydrogen fuel cell coaches by 2030, with bus bodyshell construction moving to the Czech Republic starting in 2028.",€150m for Neu-Ulm and Mannheim plants,DEU,DAIMLER TRUCK,48.390604,10.00604,Neu-Ulm,DAIMLER TRUCK Neu-Ulm
Fuso,https://www.daimlertruck.com/en/newsroom/pressrelease/mitsubishi-fuso-plant-tramagal-portugal-celebrates-anniversary-60-years-of-truck-manufacturing-5231921,ev,HDVs,daimler-truck-tramagal,Daimler Truck,The Tramagal facility mass produces the FUSO eCanter electric truck. Production through 2026 includes an expanded electric portfolio with specialized chassis configurations and vehicle exports to new international markets.,No data available.,PRT,DAIMLER TRUCK,39.451625,-8.254116,Tramagal,DAIMLER TRUCK Tramagal
Mercedes-Benz,https://www.sustainabletruckvan.com/daimler-truck-to-receive-226-million-funding-to-develop-hydrogen-powered-trucks/,ev,HDVs,daimler-truck-wrth,Sustainable Truck & Van,"The Wörth plant is Daimler Truck's hub for emission-free transport, producing the eActros 600 and eActros 400. In 2026, the facility is commissioning Megawatt Charging Systems, fully electrifying inbound logistics, and beginning assembly of 100 hydrogen fuel-cell trucks.",No data available.,DEU,DAIMLER TRUCK,49.051442,8.257338,Wörth,DAIMLER TRUCK Wörth
DR (Chery),https://www.quattroruote.it/news/industria-finanza/2025/08/26/dr_automobiles_piu_risorse_per_macchia_d_isernia.html,ev,Cars,dr-motor-macchia-disernia,Quattroruote,The Macchia d'Isernia plant serves as an advanced industrial hub for electric and hybrid vehicle assembly. The facility expansion included new production lines and the creation of 300 jobs.,€70 million investment in plant facilities,ITA,DR MOTOR,41.562027,14.167261,Macchia d'Isernia,DR MOTOR Macchia d'Isernia
Ebusco electric buses,https://www.electrive.com/2022/07/22/ebusco-announces-plans-to-build-buses-in-france/,ev,Buses,ebusco-clon,electrive.com,The Cléon headquarters serves as a dedicated manufacturing plant for the all-electric Ebusco 3.0. The facility is currently scaling toward a target production capacity of 500 electric buses annually for the French and Southern European markets.,"€10,000,000 in plant investment",FRA,EBUSCO,49.3158196,1.048496947,Cléon,EBUSCO Cléon
aCar,https://www.jolt-capital.com/news/jolt-capital-leads-e20-million-round-in-evum-motors,ev,LCVs,evum-motors-bayerbach-bei-ergoldsbach,Jolt Capital,"EVUM Motors' facility produces the aCar, a fully electric commercial vehicle. Following a 2023 funding round, the company filed for insolvency in April 2025, leading to the suspension of all future expansion projects.",€20m allocated for plant expansion,DEU,EVUM MOTORS,48.70502372,12.29551156,Bayerbach bei Ergoldsbach,EVUM MOTORS Bayerbach bei Ergoldsbach
Ferrari,https://ilglobo.com/en/news/ferrari-presents-its-new-200-million-euro-e-building-112773/,ev,"Cars, Engines/Electric motors, Batteries",ferrari-maranello,Il Globo,"The Maranello e-building is a 42,500-square-meter facility dedicated to Ferrari's first fully electric vehicle, which began production in early 2026. The site handles the in-house design and assembly of electric motors, high-voltage batteries, and axles, alongside internal combustion and hybrid models.",€200 million for plant investment,ITA,FERRARI,44.526302,10.866683,Maranello,FERRARI Maranello
Ford,https://www.romania-insider.com/ford-otosan-begins-delivery-first-electric-vehicles-manufactured-romania,ev,"Cars, LCVs, Engines/Electric motors",ford-of-europe-craiova,Romania Insider,"The Craiova facility produces the Puma Gen-E, E-Transit Courier, and E-Tourneo Courier. A battery assembly line opened in October 2024, with the first customer deliveries of electric vehicles having commenced in March 2025.",€500 million in plant investment,ROU,FORD OF EUROPE,44.330179,23.794881,Craiova,FORD OF EUROPE Craiova
Ford,https://media.ford.com/content/fordmedia/fna/us/en/news/2024/06/04/mass-production-of-new-all-electric-explorer-starts-at-fords-ev-.html,ev,Cars,ford-of-europe-kln,Ford Media Center,"The Ford Cologne Electric Vehicle Center is Ford’s first dedicated EV facility in Europe, with an annual capacity of over 250,000 vehicles. The site produces the all-electric Ford Explorer and Ford Capri sports crossover, alongside battery pack assembly.",$2 billion investment in plant facilities,DEU,FORD OF EUROPE,50.937531,6.960279,Köln,FORD OF EUROPE Köln
Ford; Lithium-ion battery packs,https://www.reuters.com/business/autos-transportation/ford-considers-producing-new-suv-valencia-spain-plant-2024-03-28/,ev,"Cars, LCVs, Engines/Electric motors, Batteries",ford-of-europe-valencia,Reuters / Invest in Spain,"Ford's Valencia plant is scheduled to begin production of a new multi-energy passenger SUV in 2027, with a target of 300,000 units annually. The site includes a dedicated battery assembly plant established with support from the Spanish government’s PERTE VEC II program.",€188m for battery assembly plant,ESP,FORD OF EUROPE,39.292765,-0.413208,Valencia (Almusafes),FORD OF EUROPE Valencia (Almusafes)
Electric motors,https://www.gehring-group.com/,ev,Engines/Electric motors,gehring-ostfildern,Gehring Group,"The Ostfildern plant focuses on electromobility, producing prototype plants and turnkey production lines for hairpin stators and electric motors. Through its E-Motive division and a strategic alliance with WAFIOS, the facility has developed advanced electric motor production solutions for the global automotive industry through 2026.",No data available.,DEU,GEHRING,48.73003236,9.26447148,Ostfildern,GEHRING Ostfildern
Ginaf heavy & special vehicles,https://hydrogenwire.com/,ev,HDVs,ginaf-veenendaal,HydrogenWire,"The Veenendaal facility has produced battery electric trucks since 2013. The site retrofits heavy-duty vehicles, such as concrete mixers and tippers, into hydrogen fuel-cell electric trucks and is finalizing its first hydrogen fuel-cell tractor unit.",No data available.,NLD,GINAF,52.026301,5.554431,Veenendaal,GINAF Veenendaal
Hispano Suiza,https://theevreport.com/hispano-suiza-sagrera-120-years-of-legacy,ev,Cars,hispano-suiza-montmel,The EV Report,"The Montmeló facility is dedicated to manufacturing electric hypercars and battery components through 2026. In June 2024, Hispano Suiza launched the Carmen Sagrera EV hypercar, which utilizes a 103 kWh second-generation battery pack developed and produced entirely on-site.",No data available.,ESP,HISPANO SUIZA,41.56798893,2.278426304,Montmeló (Barcelona),HISPANO SUIZA Montmeló (Barcelona)
Kia,https://electrek.co/2025/08/27/kia-issues-urgent-warning-avalanche-new-evs-coming/,ev,"Cars, Engines/Electric motors",hyundai-motor-zilina,Electrek,"The Žilina plant produces the EV4 electric hatchback and began manufacturing the EV2 compact SUV in 2026. As Kia's first European site for E-GMP platform vehicles, the facility aims to produce 180,000 electric vehicles annually by 2027.",€108 million investment in production plant,SVK,HYUNDAI MOTOR GROUP,49.22159,18.741952,Zilina,HYUNDAI MOTOR GROUP Zilina
Hyundai,https://www.hyundai.news/eu/,ev,"Cars, Batteries",hyundai-nosovice,Hyundai Motor Europe Newsroom,"Hyundai Motor Manufacturing Czech is the primary European hub for electric vehicles, producing the Kona Electric and the Inster EV. The facility operates a Battery System Assembly plant with an annual capacity of 450,000 units to support multiple European production sites.",Over €2 billion invested in Nošovice site,CZE,HYUNDAI MOTOR EUROPE,49.660725,18.426336,Nosovice,HYUNDAI MOTOR EUROPE Nosovice
Tecnobus electric minibuses,https://www.mobilityoutlook.com/news/tecnobus-takes-over-valeos-ferentino-site-in-strategic-move-towards-electric-mobility/,ev,Buses,icap-frosinone,Mobility Outlook,"ICAP Group, through Tecnobus, converted the former Valeo plant in Ferentino into an electric minibus production facility. The site leverages existing industrial capabilities to meet sustainable mobility demand with a workforce of over 150 employees.",€30m investment in plant facilities,ITA,ICAP GROUP,41.62561529,13.28893643,Frosinone,ICAP GROUP Frosinone
"Vivacity, Citymood",https://www.mimit.gov.it/it/notizie-stampa/tavolo-iia-seri-industrial-annuncia-mou-con-player-cinese-e-piano-di-sviluppo-con-nuove-assunzioni,ev,Buses,industria-italiana-autobus-bologna,Ministry of Enterprises and Made in Italy (MIMIT),"Menarini is transitioning to 100% electric bus production under an industrial plan that commenced in 2024. All mass production of electric vehicles and batteries is consolidated at the Flumeri plant, while the Bologna facility focuses on R&D, prototyping, and design.",€50m for corporate industrial relaunch plan,ITA,INDUSTRIA ITALIANA AUTOBUS,44.494887,11.342616,Bologna,INDUSTRIA ITALIANA AUTOBUS Bologna
"Vivacity, Citymood",https://www.itvonline.news/2025/02/13/il-governatore-de-luca-a-flumeri-rilancia-il-polo-autobus-la-regione-punta-su-menarini/,ev,Buses,industria-italiana-autobus-flumeri,ITV Online / Irpinia TV,"Following its acquisition by Seri Industrial, Menarini transitioned its Flumeri assembly site to full electric bus production. Supported by a technical partnership with Geely Group, the facility focuses entirely on manufacturing electric models and components.",€50m investment in plant facilities,ITA,INDUSTRIA ITALIANA AUTOBUS,44.494887,11.342616,Flumeri,INDUSTRIA ITALIANA AUTOBUS Flumeri
Irizar electric buses,https://www.noticiasdegipuzkoa.eus/economia/2024/02/22/irizar-resulta-elegido-10-proyectos-7908906.html,ev,Buses,irizar-aduna,Noticias de Gipuzkoa,"The Aduna facility is a dedicated electromobility plant producing electric buses, trucks, and battery packs. Under the PERTE VEC II program, the site is finishing development of a new generation of electric coaches and advanced EV materials through 2026.",€13.9m grant for new EV development,ESP,IRIZAR,43.20519995,-2.040007027,Aduna,IRIZAR Aduna
Irizar electric trucks,https://www.irizar.com/en/news,ev,HDVs,irizar-lazkao,Irizar Group News,"The Lazkao facility is a 2,200 m2 production plant dedicated to the 100% electric Irizar ie truck. Opened in early 2023 with an initial capacity of 60 trucks per year, the site began production of second-generation electric trucks in May 2024.",No data available.,ESP,IRIZAR,43.04390894,-2.189081878,Lazkao,IRIZAR Lazkao
Irizar,https://elpais.com/negocios/2023-05-17/los-autobuses-de-irizar-enfilan-la-salida-del-tunel.html,ev,Buses,irizar-ormaiztegi,El País,"The Ormaiztegi headquarters produces zero-emission intercity and long-distance coaches, including the electric i3 and hydrogen-powered i6S Efficient. As part of the PERTE VEC CAPITAL project, the company developed new electric platforms and battery systems through 2025.",€14m for PERTE CAPITAL project budget,ESP,IRIZAR,43.044062,-2.25627,Ormaiztegi,IRIZAR Ormaiztegi
Iveco,https://www.electrive.com/2024/10/18/iveco-bus-to-electrify-its-annonay-plant/,ev,Buses,iveco-annonay,electrive.com,"The Annonay plant produces HEULIEZ GX ELEC, IVECO E-WAY, and E-WAY-H2 hydrogen fuel cell buses. The facility features a dedicated battery assembly line for latest-generation batteries and manages the full electric value chain.",€600m for new zero-emission vehicle platform,FRA,IVECO GROUP,45.239403,4.667349,Annonay,IVECO GROUP Annonay
Iveco,https://www.stellantis.com/en/news/press-releases/2025/march/stellantis-pro-one-and-iveco-team-up-for-the-supply-of-two-electric-iveco-branded-vans,ev,HDVs,iveco-brescia,Stellantis Official Press Release,The IVECO Brescia plant electrifies eDaily vans and produces eJolly and eSuperJolly electric models. The facility also manufactures Daily Minibuses and tests dynamic wireless inductive charging technologies.,No data available.,ITA,IVECO GROUP,45.541553,10.211802,Brescia,IVECO GROUP Brescia
by FPT Powertrain Technologies,https://www.electrive.com/2023/11/28/iveco-receives-eib-loan-for-ev-development/,ev,"Buses, Engines/Electric motors",iveco-foggia,electrive.com,"The Foggia plant assembles battery electric and hydrogen fuel cell buses, with a target of 4,000 total vehicles produced by 2026. EV development at the Foggia and Turin facilities was accelerated through 2025 using European Investment Bank funding.",€40m for initial plant conversion,ITA,IVECO GROUP,41.462198,15.54463,Foggia,IVECO GROUP Foggia
Iveco,https://www.marklines.com/en/vehicle_plants/category/spain_vigo,ev,HDVs,iveco-madrid,MarkLines Automotive Industry Portal,"The IVECO Madrid facility is transitioning to zero-emission vehicle production with support from Spain's PERTE VEC III program. As part of the Poseidon initiative, the site develops and manufactures hydrogen-powered heavy commercial vehicles and fuel cell pilots.",€38.89m in public funding grants,ESP,IVECO GROUP,40.416775,-3.70379,Madrid,IVECO GROUP Madrid
"Heuliez, Iveco",https://www.ivecogroup.com/media/corporate_press_releases/2024/october/iveco_bus_confirms_major_industrial_investments_in_annonay_to_meet_demand_for_electric_buses_and_electric_batteries,ev,Buses,iveco-rorthais,Iveco Group,"The Rorthais facility is IVECO’s electromobility hub, producing HEULIEZ GX ELEC and IVECO E-WAY electric buses. Since 2024, the site has fulfilled major contracts for Paris and Nantes while introducing production lines for new E-WAY-H2 hydrogen fuel cell models.",€600m for zero-emission vehicle platforms,FRA,IVECO GROUP,46.916446,-0.707339,Rorthais,IVECO GROUP Rorthais
Iveco,https://evsandbeyond.co.nz/stellantis-and-iveco-partner-on-electric-vans/,ev,LCVs,iveco-suzzara,EVs & Beyond,"The Suzzara plant produces the base chassis and body for the eDaily. Starting in 2026, the facility also assembles new electric vans through a partnership with Stellantis, with final battery integration completed at the Brescia facility.",No data available.,ITA,IVECO GROUP,44.991873,10.742497,Suzzara,IVECO GROUP Suzzara
Iveco,https://www.electrive.com/2020/02/07/nikola-tre-to-build-electric-trucks-at-iveco-in-germany/,ev,HDVs,iveco-ulm,Electrive,"The Ulm facility is a dedicated manufacturing hub for heavy-duty electric and fuel-cell trucks, specifically the IVECO S-eWay models. Following its transition from a joint venture with Nikola to full IVECO ownership, the plant commenced scheduled deliveries in 2024 and 2025.",€40m for facility upgrade and conversion,DEU,IVECO GROUP,48.401082,9.987608,Ulm,IVECO GROUP Ulm
Iveco,https://www.sustainable-bus.com/news/iveco-bus-inaugurates-new-prototype-and-testing-center-in-vysoke-myto/,ev,Buses,iveco-vysok-myto,Sustainable Bus,"The Vysoké Mýto plant focuses on zero-emission public transport, manufacturing the battery-electric Crossway Low Entry and Crossway Normal Floor models. A Prototype and Testing Center, which became operational in June 2025, supports the ongoing development of battery-electric and hydrogen-powered vehicles.",€16m for prototype and testing center,CZE,IVECO GROUP,49.954264,16.164168,Vysoké Myto,IVECO GROUP Vysoké Myto
Land Rover,https://www.electrive.com/2023/10/26/jlr-converts-slovakian-nitra-plant-for-bev-production/,ev,Cars,jaguar-land-rover-nitra,electrive.com,"Jaguar Land Rover is reconfiguring its Nitra plant to produce electric vehicles by 2030 as part of its Reimagine Strategy. The facility is scheduled to launch nine all-electric models, including EV versions of the Defender and Discovery.",£24m for new electric paint line,SVK,JAGUAR LAND ROVER,48.352859,18.059114,Nitra,JAGUAR LAND ROVER Nitra
Credobus,https://hungarytoday.hu/first-locally-made-electric-articulated-bus-ready-for-the-road/,ev,Buses,kravtex-kühne-gyr,Hungary Today,"The Kravtex-Kühne Group produces the Credobus Electronell, a 100% electric bus family including 12-meter and 18-meter models. Components are manufactured in Mosonmagyaróvár with final assembly in Győr. The company is currently conducting passenger testing and preparing for series production to supply Hungarian public transport operators.",€5.2 million investment in plant facilities,HUN,KRAVTEX-KÜHNE GROUP,47.68390499,17.66416681,Győr,KRAVTEX-KÜHNE GROUP Győr
Batteries for buses,https://www.businesswire.com/news/home/20250206686142/en/Leclanch%C3%A9-and-Pinnacle-Advance-Strategic-Partnership-%E2%80%93-Milestone-Reached-with-Successful-Completion-of-Due-Diligence,ev,Batteries,leclanché-willsttt,Business Wire,"Leclanché's Willstätt facility has expanded to an annual production capacity of 2 GWh. The plant produces proprietary water-based, PFAS-free lithium-ion battery cells for electric vehicles and heavy-duty transport.",€215.5m for EU-backed project expansion,DEU,LECLANCHÉ,48.54000749,7.884974,Willstätt,LECLANCHÉ Willstätt
"BMW, Fisker, JLR, Mercedes-Benz, Toyota",https://www.teslarati.com/volkswagen-partners-scout-ev-development-deal/,ev,Cars,magna-steyr-graz,Teslarati,"Magna Steyr's Graz facility is a hub for electric vehicle production, including the assembly of Xpeng G6, Xpeng G9, and GAC Aion V SUVs. The site is currently launching production of Volkswagen's Scout EV SUV and pickup models.",€450m for Volkswagen Scout EV development,AUT,MAGNA STEYR,47.070714,15.439504,Graz,MAGNA STEYR Graz
Mercedes-Benz,https://www.electrive.com/2021/03/04/mercedes-upgrades-berlin-factory-to-produce-ev-components/,ev,Engines/Electric motors,mercedes-benz-berlin,electrive.com,"The Mercedes-Benz Berlin plant is a competence center for e-mobility and digitalization. The facility assembles battery electrical control units and electric drive units, and recently expanded its portfolio to include the manufacture and assembly of ultra-high-performance axial-flux electric motors.",€100m-€300m for plant investment,DEU,MERCEDES-BENZ GROUP,52.520007,13.404954,Berlin,MERCEDES-BENZ GROUP Berlin
Mercedes-Benz,https://kitalent.com,ev,Cars,mercedes-benz-bremen,KiTalent,The Mercedes-Benz Bremen facility is the lead plant for compact EV production using the Modular Architecture (MMA) platform. Production is scheduled to begin in late 2026.,"Over €1,000,000,000 in plant investment",DEU,MERCEDES-BENZ GROUP,53.079296,8.801694,Bremen,MERCEDES-BENZ GROUP Bremen
Mercedes-Benz,https://www.electrive.com/2022/09/08/mercedes-gears-up-for-electric-van-production/,ev,LCVs,mercedes-benz-dsseldorf,electrive.com,"The Düsseldorf plant produces the next-generation eSprinter and open body style electric vans. These vehicles are based on the VAN.EA platform, which was scheduled to launch in 2026.",€400m investment in plant facilities,DEU,MERCEDES-BENZ GROUP,51.227741,6.773456,Düsseldorf,MERCEDES-BENZ GROUP Düsseldorf
Mercedes-Benz,https://hungarytoday.hu/mercedes-benz-opens-first-research-center-in-kecskemet/,ev,Cars,mercedes-benz-kecskemet,Hungary Today,"The Kecskemét plant follows an Electric Only strategy, utilizing the MMA and MB.EA platforms for models like the GLB. The site features a battery assembly facility and an R&D center for EV prototype testing, with expanded series production commenced in 2025-2026.",Over €1.05bn for expansion and R&D,HUN,MERCEDES-BENZ GROUP,46.896371,19.689686,Kecskemet,MERCEDES-BENZ GROUP Kecskemet
Mercedes-Benz,https://group.mercedes-benz.com/company/production/production-network/mercedes-benz-plant-ludwigsfelde.html,ev,LCVs,mercedes-benz-ludwigsfelde,Mercedes-Benz Group,"The Ludwigsfelde plant produces eSprinter cab-chassis variants and serves as a center for eVan customization. The facility launched the start-up factory for the VAN.EA modular electric platform in 2026, with eSprinter production scheduled to phase out by the end of 2029.",€50m for eSprinter production upgrades,DEU,MERCEDES-BENZ GROUP,52.301144,13.261627,Ludwigsfelde,MERCEDES-BENZ GROUP Ludwigsfelde
Mercedes-Benz,https://theevreport.com/mercedes-benz-begins-new-cla-production,ev,Cars,mercedes-benz-rastatt,The EV Report,"The Rastatt plant produces the all-electric CLA, the first model on the Mercedes Modular Architecture (MMA) platform. The facility uses flexible assembly lines to manufacture electric, hybrid, and conventional vehicles. Series production of the electric CLA commenced in mid-2025.",€500m investment in plant facilities,DEU,MERCEDES-BENZ GROUP,48.859117,8.20591,Rastatt,MERCEDES-BENZ GROUP Rastatt
Mercedes-Benz,https://www.electrive.com/2022/06/30/mercedes-invests-e2-billion-in-eu-assembly-plants-for-evs/,ev,Cars,mercedes-benz-sindelfingen,electrive.com,The Sindelfingen plant serves as the lead facility for Mercedes-Benz's Top End Luxury segment. Production of electric models based on the high-performance AMG.EA platform and operations at a new EV battery factory were scheduled to commence in 2025.,Hundreds of millions for Sindelfingen conversion,DEU,MERCEDES-BENZ GROUP,48.707456,9.004405,Sindelfingen,MERCEDES-BENZ GROUP Sindelfingen
Mercedes-Benz,https://www.marklines.com/en/news/305886,ev,LCVs,mercedes-benz-vitoria,MarkLines,"Mercedes-Benz has upgraded its Vitoria plant to produce the all-electric VLE van using the modular Van Electric Architecture (VAN.EA). The facility features a modernized assembly hall for both electric and combustion models, with full EV production having commenced in the first half of 2026.",€1 billion for production expansion,ESP,MERCEDES-BENZ GROUP,42.859166,-2.681792,Vitoria,MERCEDES-BENZ GROUP Vitoria
Mol special trucks,https://electrek.co/2024/06/06/volvo-penta-and-mol-team-up-on-new-4wd-electric-roro-trucks/,ev,HDVs,mol-cy-staden,Electrek,"MOL CY produces electric heavy-duty vehicles at its Staden facility, including the RME225 RoRo terminal tractor and RailRoute vehicles. The plant continues to manufacture diesel and military vehicles alongside its electric lineup.",No data available.,BEL,MOL CY,50.974651,3.014574,Staden,MOL CY Staden
Piaggio,https://www.piaggiogroup.com/en/archive/press-releases/piaggio-group-presents-new-porter-npe-first-electric-city-truck,ev,LCVs,piaggio-pontedera,Piaggio Group,"Piaggio's Pontedera plant produces electric motors for next-generation zero-emission vehicles and manufactures the Porter NPE, the company's first fully electric light commercial truck. The facility also serves as a hub for research and development of EV components and systems.",€112m invested in the plant,ITA,PIAGGIO,43.662516,10.636359,Pontedera (Pisa),PIAGGIO Pontedera (Pisa)
Electric and hydrogen bus,https://www.electrive.com/2023/05/30/italian-authorities-get-funding-to-procure-rampini-buses/,ev,Buses,rampini-passignano-sul-trasimeno,electrive.com,"The Passignano sul Trasimeno facility is a zero-emission plant producing Eltron and Sixtron electric buses and Hydron hydrogen buses. Since its expansion in 2024, the site has also included the H2EUPower division for developing hydrogen fuel cell power systems.",No data available.,ITA,RAMPINI,43.19887554,12.11628079,Passignano sul Trasimeno,RAMPINI Passignano sul Trasimeno
"Renault, Nissan",https://www.marklines.com/en/global/165,ev,LCVs,renault-sovab-batilly,MarkLines Automotive Industry Portal,"The Batilly (SOVAB) plant produces the all-electric Renault Master E-Tech. Production of the Renault Master H2-Tech, a hydrogen fuel-cell commercial van, commenced in late 2025 on the same multi-energy assembly line.",€130m investment in the plant,FRA,RENAULT (SOVAB),49.164711,5.972459,Batilly (Metz),RENAULT (SOVAB) Batilly (Metz)
Alpine,https://www.renaultgroup.com/en/our-company/locations/manufacture-alpine-dieppe-jean-redele/,ev,Cars,renault-dieppe,Renault Group,"The Manufacture Alpine Dieppe Jean Redele plant has been converted to produce electric vehicles on the CMF-EV platform. Production of the Alpine A390, an all-electric sport fastback, was scheduled to commence at the facility in 2025.",No data available.,FRA,RENAULT GROUP,49.922992,1.077483,Dieppe,RENAULT GROUP Dieppe
Renault,https://www.renaultgroup.com/en/news-on-air/news/ampere-douai-multi-brand-electric-expertise/,ev,"Cars, Batteries",renault-douai,Renault Group,"The Douai facility is a 100% electric vehicle production site within Renault's Ampere ElectriCity hub, manufacturing the Megane E-Tech, Scénic E-Tech, and Renault 5 E-Tech, alongside Nissan and Mitsubishi models. An on-site battery gigafactory with Envision AESC launched with an initial capacity of 9 GWh in 2024 and is expanding to 30 GWh by 2030.",€2.55bn for EV and battery production,FRA,RENAULT GROUP,50.367874,3.080602,Douai,RENAULT GROUP Douai
Renault,https://media.renaultgroup.com/changenow-2024-renault-group-and-the-future-is-neutral-accelerate-in-the-circular-economy/,ev,Cars,renault-flins,Renault Group,"Renault's Flins plant has transitioned to a Re-Factory dedicated to the circular economy. The site remanufactures and reconditions over 3,000 EV components annually, including motors, power electronics, and traction batteries.",€500 million for plant investment,FRA,RENAULT GROUP,48.962687,1.87006,Flins,RENAULT GROUP Flins
"Renault, Mercedes-Benz, Nissan; drive batteries",https://www.renaultgroup.com/en/news-on-air/news/4-million-kangoo-vehicles-made-in-maubeuge-a-testament-to-its-success/,ev,"LCVs, Batteries",renault-maubeuge,Renault Group,"The Maubeuge facility is a core component of Renault's ElectriCity hub, assembling the Renault 4 E-Tech and Kangoo E-Tech electric models. The site features an integrated battery assembly workshop and produces electric commercial vans for partners Nissan and Mercedes-Benz.",€450 million in plant investment,FRA,RENAULT GROUP,50.280228,3.9674,Maubeuge,RENAULT GROUP Maubeuge
Renault,https://seenews.com/news/slovenia-backs-renaults-revoz-with-29-mln-euro-for-ev-production-1286250,ev,Cars,renault-novo-mesto,SeeNews,"The Revoz plant in Novo Mesto produces the Twingo E-Tech Electric. As part of the E-Move consortium, the facility manufactures electric vehicle bodies, chassis, and powertrains.",€123m for EV and component production,SVN,RENAULT GROUP,45.801082,15.171009,Novo Mesto,RENAULT GROUP Novo Mesto
Renault,https://eletric-vehicles.com/renault-eyes-spanish-factory-for-compact-ev-production-as-it-expands-lineup/,ev,Cars,renault-palencia,eletric-vehicles.com,Renault Group's Palencia plant is scheduled to begin manufacturing next-generation C-segment and D-segment electric vehicles in 2027 or 2028. The facility will produce up to three electric models based on the AmpR Medium 800-volt platform and includes a new EV battery assembly project.,€83.3m for EV and battery production,ESP,RENAULT GROUP,42.009686,-4.528802,Palencia,RENAULT GROUP Palencia
"Renault, Nissan, Mitsubishi",https://media.renaultgroup.com/renault-groups-sandouville-plant-is-set-to-build-a-revolutionary-generation-of-electric-lcvs-for-flexis-sas/,ev,LCVs,renault-sandouville,Renault Group,"The Sandouville plant manufactures a new generation of all-electric light commercial vehicles using a connected 800V skateboard platform. Production commenced in 2026, beginning with the Renault Trafic Van E-Tech electric.",€300 million in plant investment,FRA,RENAULT GROUP,49.496903,0.31919,Sandouville,RENAULT GROUP Sandouville
"Mitsubishi, Renault; Lithium-ion batteries",https://www.investinspain.org/en/news/2024/01/stellantis-investment-spain,ev,"Cars, Engines/Electric motors, Batteries",renault-valladolid,Invest in Spain (ICEX),"The Valladolid plant produces 100% electric vehicle batteries and plug-in hybrid electric vehicle engines. Battery assembly was established with support from the Spanish government's PERTE VEC II program, while the HORSE joint venture manages the hybrid engine production line.",€12.5m for battery and engine production,ESP,RENAULT GROUP,41.652251,-4.724532,Valladolid,RENAULT GROUP Valladolid
Rimac electric hypercars; Battery packs; Electric powertrain systems,https://seenews.com/news/croatias-rimac-completes-120-mln-euro-campus-phase-one-871891,ev,"Cars, Engines/Electric motors, Batteries",rimac-sveta-nedjelja,SeeNews,"The Rimac Campus in Sveta Nedelja is a 75,000 sq m facility dedicated to EV production, components, and batteries. The site assembles the Nevera and Nevera R electric hypercars while serving as an R&D hub for Rimac Technology. It produces high-volume battery projects for European automakers, including BMW, alongside solid-state batteries and e-axle drive units.",Over €300m investment in new production,HRV,RIMAC GROUP,45.796376,15.7755713,Sveta Nedjelja,RIMAC GROUP Sveta Nedjelja
Roman,https://en.wikipedia.org/wiki/DAC_(vehicle_manufacturer),ev,"HDVs, Engines/Electric motors",roman-braov,Wikipedia - DAC (vehicle manufacturer),"The Brașov facility, under Autovehicule DAC S.A., relaunched the DAC brand in 2025 for exclusive electric vehicle production. The site assembles electric buses, urban logistics and sanitation trucks, and mining dump trucks from CKD kits, targeting 30,000 EV sales by 2035.",No data available.,ROU,ROMAN,45.657976,25.601198,Braşov,ROMAN Braşov
"Safra, Hycity hydrogen buses",https://safra.fr/en/news/safra-a-strengthened-organization-dedicated-to-innovation-and-energy-transition/,ev,Buses,safra-albi,SAFRA Official Press Release,"The Safra New Mobility site in Albi produces battery-electric and hydrogen vehicles. The battery-electric HYCITY bus launched in late 2025, and production of the INYCIA minibus and EVANYA electric van commenced in early 2026.",€27m for expansion and asset acquisition,FRA,SAFRA,43.91783554,2.09505129,Albi,SAFRA Albi
Sin supercars,https://seenews.com/news/bulgarian-ev-maker-sin-cars-to-expand-production-to-romania-797528,ev,Cars,sin-cars-giurgiu,SeeNews / SIN CARS Industry AD Public Offering Memorandum,"SIN CARS is constructing a manufacturing plant in Giurgiu, Romania, for 'L CITY' electric vehicles. The first phase is scheduled for completion by December 2026 with an initial capacity of 3,000 units per year, scaling to 100,000 units annually by 2030.",€5.59m for initial plant construction,ROU,SIN CARS,43.81843351,25.92970641,Giurgiu,SIN CARS Giurgiu
Škoda,No information found,ev,Buses,skoda-plze,No information found,"The Škoda Group site in Plzeň is a dedicated electric mobility manufacturing facility. It produces electric buses, battery trolleybuses, battery electric multiple units, and traction drives, with no further conversion plans for the 2024-2026 period.",No data available.,CZE,SKODA GROUP,49.741944,13.357778,Plzeň,SKODA GROUP Plzeň
Sor,https://www.sor.cz/,ev,Buses,sor-libchavy,SOR Libchavy Official Website,The Libchavy facility produces battery electric buses and trolleybuses as part of its established production line. There were no plans to convert the facility during the 2024-2026 period as EV production was already fully integrated.,No data available.,CZE,SOR,50.005475,16.38904,Libchavy,SOR Libchavy
"Peugeot, Citroën, Opel/Vauxhall, Fiat and Toyota; battery packs",https://moparinsiders.com/stellantis-pulls-plug-on-hydrogen-van-plans/,ev,"LCVs, Batteries",stellantis-sevelnord-hordain,MoparInsiders,"The Hordain facility produces battery-electric light commercial vehicles on a multi-energy production line. While the plant originally planned to assemble hydrogen fuel cell vans, Stellantis canceled the program in 2025 to focus exclusively on battery-electric and hybrid vehicle production.",No data available.,FRA,STELLANTIS (SEVELNORD),50.262392,3.312659,Hordain,STELLANTIS (SEVELNORD) Hordain
"Fiat, Opel/Vauxhall, Peugeot, Citroën",https://www.stellantis.com/en/news/press-releases/2025/m-a-and-partnerships/stellantis-pro-one-and-iveco-team-up-for-the-supply-of-two-electric-iveco-branded-vans,ev,LCVs,stellantis-sevelsud-val-di-sangro,Stellantis Official Press Release,"The Atessa facility produces large electric vans, including the Fiat E-Ducato and Cargo Box BEV. A partnership between Stellantis and IVECO includes the production of two new all-electric light commercial vehicles, which commenced in mid-2026.",No data available.,ITA,STELLANTIS (SEVELSUD),42.14862,14.44875,Val di Sangro (Atessa),STELLANTIS (SEVELSUD) Val di Sangro (Atessa)
"Alfa Romeo, Maserati",https://www.electrive.com/2024/12/19/stellantis-to-invest-e2-billion-in-italian-plants/,ev,Cars,stellantis-cassino,electrive.com,"The Cassino plant uses the BEV-centric STLA Large platform. Production of the next-generation Alfa Romeo Stelvio SUV was scheduled to begin in 2025, with the Alfa Romeo Giulia replacement and an additional luxury model following in 2026.",Part of €2 billion Italian facility investment,ITA,STELLANTIS,41.490789,13.833378,Cassino,STELLANTIS Cassino
"Electric, petrol and diesel for Peugeot, Citroen, Opel/Vauxhall and DS",https://www.eenewseurope.com/en/acc-raises-4-4bn-for-next-european-battery-gigafactories/,ev,Engines/Electric motors,stellantis-douvrin,eeNews Europe,"The Douvrin gigafactory, operated by Automotive Cells Company (ACC), produces lithium-ion battery cells and modules. Since its 2023 opening, the site has expanded with a second production block to increase manufacturing capacity.",€5.2 billion for European battery facilities,FRA,STELLANTIS,50.510541,2.83204,Douvrin,STELLANTIS Douvrin
Opel/Vauxhall; Battery packs,https://www.stellantis.com/en/news/press-releases/2023/march/stellantis-invests-130-million-in-eisenach-assembly-plant-in-germany-for-electric-opel-grandland-successor,ev,"Cars, Batteries",stellantis-eisenach,Stellantis,"The Eisenach Assembly Plant produces the electric successor to the Opel Grandland, with production having commenced in late 2024. The facility utilizes the STLA Medium platform to support Opel’s transition to an all-electric European lineup by 2028.",€130 million investment in plant operations,DEU,STELLANTIS,50.979572,10.314687,Eisenach,STELLANTIS Eisenach
"Citroen, Fiat, Opel/Vauxhall, Peugeot",https://www.motorfinanceonline.com/news/stellantis-and-iveco-sign-agreement-for-electric-van-supply-in-europe/,ev,LCVs,stellantis-gliwice,Motor Finance Online,"The Gliwice plant is a hub for Stellantis electric light commercial vehicles, producing the Fiat Professional e-Ducato and battery-electric vans for Toyota. In partnership with IVECO, the facility launched two new all-electric LCVs in mid-2026. The site focuses exclusively on battery-electric and hybrid mobility.",€300m for modernized electric van manufacturing,POL,STELLANTIS,50.31924353,18.62464775,Gliwice,STELLANTIS Gliwice
Citroën,https://www.investinspain.org/en/news/2024/stellantis-battery-production,ev,Cars,stellantis-madrid,ICEX Invest in Spain,"Stellantis Madrid produces the Citroen e-C4 and e-C4 X models. The facility features a battery assembly workshop with a 50,000-unit annual capacity and has expanded with a third assembly line. Through the ARIES project, the site began developing next-generation electric vehicles and sustainable energy solutions in 2025.",€2.3m for third battery assembly line,ESP,STELLANTIS,40.3624983,-3.7001822,Madrid (Villaverde),STELLANTIS Madrid (Villaverde)
"Citroën, Fiat, Opel, Peugeot",https://www.stellantis.com/en/news/press-releases/2023/march/stellantis-allocates-electric-van-to-mangualde-to-support-light-commercial-vehicle-leadership-in-europe,ev,LCVs,stellantis-mangualde,Stellantis,"The Mangualde facility produces battery-electric light commercial vehicles and passenger vans for Citroen, Fiat, Opel, and Peugeot. Following the installation of a new battery assembly line, mass production was scheduled to scale up between 2024 and 2025.",€119m for joint GreenAuto factory investment,PRT,STELLANTIS,40.608372,-7.766415,Mangualde,STELLANTIS Mangualde
"Fiat, Jeep",https://www.electrive.com/2024/12/19/stellantis-to-invest-e2-billion-in-italian-plants/,ev,Cars,stellantis-melfi,electrive.com,"The Melfi plant was upgraded to the STLA Medium platform for a 2025 production launch. The facility produces electric and hybrid versions of the Jeep Compass, Lancia Gamma, and DS 7, alongside the all-electric DS 8.",Part of €2 billion Italian investment,ITA,STELLANTIS,40.993314,15.653109,Melfi (Potenza),STELLANTIS Melfi (Potenza)
"Abarth, Fiat, Maserati; Electric drive motors",https://www.stellantis.com/en/news/press-releases,ev,"Cars, Engines/Electric motors, Batteries",stellantis-mirafiori,Stellantis Official Press Releases,"The Mirafiori Automotive Park 2030 features a Battery Technology Center and produces up to 600,000 electrified dual-clutch transmissions annually. The site manufactures the electric Fiat 500e and introduced the hybrid Fiat 500 Ibrida in early 2026.",€340m for Mirafiori Automotive Park transformation,ITA,STELLANTIS,45.021022,7.588697,Mirafiori (Torino),STELLANTIS Mirafiori (Torino)
Maserati,https://www.magnetomagazine.com/maserati-looks-to-past-to-define-future-with-return-to-bespoke-manufacturing/,ev,Cars,stellantis-modena,Magneto Magazine,"The Modena plant is a bespoke vehicle hub for Stellantis. As of late 2025, the facility produces the all-electric Maserati GranTurismo and GranCabrio Folgore models following their transfer from the Mirafiori plant.",€4m for Modena production transfer,ITA,STELLANTIS,44.647128,10.925227,Modena,STELLANTIS Modena
"DS, Peugeot; Assembly of drive batteries",https://www.stellantis.com/en/news/press-releases/2022/december/electric-motors-production-ramp-up-to-reach-more-than-1-million-in-france-by-2024,ev,"Cars, Batteries",stellantis-mulhouse,Stellantis,"The Mulhouse plant produces the Peugeot e-308 sedan, e-308 SW, and e-408. A partnership with Vulcan Energy Resources is implementing a geothermal energy project to decarbonize the facility's power supply starting in 2026.",€2 billion in French production facilities,FRA,STELLANTIS,47.750839,7.335888,Mulhouse,STELLANTIS Mulhouse
"DS, Opel",https://www.just-auto.com/,ev,Cars,stellantis-poissy,Just Auto,"The Poissy plant produces the DS 3 E-TENSE and Opel Mokka Electric on a multi-energy platform. A €20 million investment for metal work and recycling was announced in 2025, though the site is not a dedicated EV or battery facility. A decision regarding production beyond 2028 was expected in early 2026.",No data available.,FRA,STELLANTIS,48.929584,2.046982,Poissy,STELLANTIS Poissy
"Alfa Romeo, Dodge, Fiat",https://www.carscoops.com/2024/12/stellantis-invests-2-1b-to-build-3-new-alfa-romeos-jeep-compass-and-more-in-italy/,ev,Cars,stellantis-pomigliano-darco,Carscoops,"The Pomigliano d'Arco plant is scheduled to introduce the multi-energy STLA Small platform in 2028 to produce at least two new compact models with EV options. The facility continues to manufacture the Fiat Panda through 2030, with no current plans for a full EV transition or battery gigafactory.",Part of €2b investment for 2025,ITA,STELLANTIS,40.91013,14.382912,Pomigliano d'Arco (Napoli),STELLANTIS Pomigliano d'Arco (Napoli)
"Citroën, Peugeot",https://www.electrive.com/2023/06/06/stellantis-gears-up-rennes-factory-for-suv-production/,ev,Cars,stellantis-rennes,electrive.com,"The Rennes facility produces the CR3 all-electric SUV using the STLA Medium platform, with production having commenced in 2025. The site features an in-house battery assembly workshop and a dedicated plastic injection molding facility.",€160m investment in plant facilities,FRA,STELLANTIS,48.117266,-1.677793,Rennes,STELLANTIS Rennes
Opel/Vauxhall,https://www.stellantis.com/en/news/press-releases/2024/june/transformation-of-the-stellantis-russelsheim-site-the-green-campus-project,ev,"Cars, LCVs",stellantis-rsselsheim,Stellantis Media,"The Rüsselsheim facility produces the Opel Astra Electric and DS 4 with an in-house battery assembly shop. Stellantis developed the carbon-neutral grEEn-campus at the site, with geothermal renewable energy for power and heat that was planned to commence in 2025.",€100m+ for platform and site transformation,DEU,STELLANTIS,49.98875,8.421698,Rüsselsheim,STELLANTIS Rüsselsheim
"DS, Peugeot; Drive battery packs",https://www.stellantis.com/en/news/press-releases/2022/december/electric-motors-production-ramp-up-to-reach-more-than-1-million-in-france-by-2024,ev,"Cars, Batteries",stellantis-sochaux,Stellantis,"The Sochaux facility produces electric vehicles on the STLA Medium platform, including the Peugeot e-3008 and e-5008 models launched between 2024 and 2026. The site also features a dedicated battery assembly workshop.",€100m for new painting unit,FRA,STELLANTIS,47.513075,6.830703,Sochaux,STELLANTIS Sochaux
"Opel, Peugeot, Citroen, DS",https://www.electrive.com/2024/02/13/stellantis-prepares-electric-motor-production-in-hungary/,ev,Engines/Electric motors,stellantis-szentgotthrd,electrive.com,"Stellantis is expanding its Szentgotthárd facility to produce 3-in-1 electric drive modules (EDMs) for vehicles on the STLA platform. Production of electric motor, reduction gearset, and inverter components is scheduled to begin in late 2026.",€103 million investment in plant facilities,HUN,STELLANTIS,46.950004,16.285398,Szentgotthárd,STELLANTIS Szentgotthárd
Electric and conventional,https://www.stellantis.com/en/news/press-releases/2022/june/transformation-in-action-tremery-metz-powertrain-plants-in-france-support-stellantis-electrified-portfolio,ev,Engines/Electric motors,stellantis-trmery,Stellantis Official Press Release,"The Trémery plant has transitioned from diesel engine production to mass-producing electric vehicle motors via the Emotors joint venture. Since 2024, the facility has been scaling capacity to exceed 1 million electric motors per year to support the Stellantis EV lineup.",€150m for Trémery-Metz facility upgrades,FRA,STELLANTIS,49.246379,6.224908,Trémery,STELLANTIS Trémery
"Peugeot, Citroën; Drive batteries",https://seva.sk/europe-runs-on-polish-lithium-ion-batteries/,ev,"Cars, Batteries",stellantis-trnava,Slovak Electric Vehicle Association (SEVA),"The Trnava plant produces the all-electric Citroen e-C3 on the Smart Car platform, having reached full production capacity in 2024. The site is under evaluation for Leapmotor electric crossover production and utilizes a 25 MW battery energy storage system and solar array for sustainable operations.",€180 million in plant investment,SVK,STELLANTIS,48.380416,17.587819,Trnava,STELLANTIS Trnava
"Tychy, Poland",Confirmed,ev,Engines/Electric motors,stellantis-tychy,https://www.electrive.com/2021/01/04/fiat-chrysler-to-build-evs-in-poland-from-2022/,"The Dortmund facility produces the City 45 Electric and City 75 Electric minibuses. Owned by RESVION, the site has expanded across Europe and reached a production capacity of 1,200 units annually.",No data available.,POL,STELLANTIS,50.10466978,19.07604904,Tychy,STELLANTIS Tychy
"Citroën, Fiat, Peugeot, Opel/Vauxhall, Toyota; Electric motors; Lithium-ion battery packs",https://www.electrive.com/2023/11/27/stellantis-to-build-small-electric-cars-in-spain/,ev,"Cars, LCVs, Engines/Electric motors, Batteries",stellantis-vigo,electrive.com,The Vigo assembly plant produces compact electric vehicles using the BEV-native STLA Small platform. The facility features a dedicated EV battery production line established with support from the PERTE VEC II program.,€1bn for STLA Small EV platform,ESP,STELLANTIS,42.240599,-8.720727,Vigo,STELLANTIS Vigo
"Citroën, Lancia, Opel/Vauxhall, Peugeot; Lithium-ion batteries",https://www.stellantis.com/en/news/press-releases/2024/december/stellantis-and-catl-to-invest-up-to-euro-4-1-billion-in-joint-venture-for-large-scale-lfp-battery-plant-in-spain,ev,"Cars, Batteries",stellantis-zaragoza,Stellantis Corporate Communications,Stellantis and CATL are establishing a carbon-neutral lithium iron phosphate (LFP) battery plant at the Zaragoza facility. Production is slated to begin by late 2026 with a potential capacity of 50 GWh to support affordable electric vehicle production. The project is supported by nearly €300 million in Spanish government subsidies.,€4.1 billion for plant production investment,ESP,STELLANTIS,41.648823,-0.889085,Zaragoza,STELLANTIS Zaragoza
Volta Trucks,https://www.electrive.com/2025/07/16/steyr-automotive-to-produce-electric-trucks-for-superpanther-in-austria/,ev,HDVs,steyr-automotive-steyr,electrive.com,"Steyr Automotive serves as a contract manufacturer for electric heavy-duty vehicles, including the Volta Zero electric truck. The facility also acts as a production partner for Chinese brands SuperPanther and Sinotruk to supply the European market.",€25m for initial electric vehicle program,AUT,STEYR AUTOMOTIVE,48.05009,14.41827,Steyr,STEYR AUTOMOTIVE Steyr
Sunsundegui,https://en.wikipedia.org/wiki/Sunsundegui,ev,Buses,sunsundegui-altsasu,Wikipedia,"Sunsundegui had intended to begin electric vehicle production in 2024 through a partnership with Volvo. However, the company entered liquidation in April 2025, resulting in the cessation of all operations and the cancellation of its EV conversion plans.",€24.9m for electric vehicle manufacturing,ESP,SUNSUNDEGUI,42.90198892,-2.187832784,Altsasu,SUNSUNDEGUI Altsasu
Suzuki,https://bbj.hu/business/industry/auto/production-and-share-up-at-magyar-suzuki-despite-shrinking-market,ev,Cars,suzuki-esztergom,Budapest Business Journal,Magyar Suzuki plans to introduce five new electric models by 2030. The Esztergom assembly plant is undergoing technological and decarbonization upgrades to serve as a primary production hub for these future electric vehicles.,€99.5m for plant and technology upgrades,HUN,SUZUKI,47.788395,18.743445,Esztergom,SUZUKI Esztergom
"Tatra heavy trucks, military vehicles",https://czechoslovakgroup.com/,ev,HDVs,tatra-koprivnice,Czechoslovak Group (CSG),"The Kopřivnice plant produces the Tatra Force e-Drive line, including fully battery-electric 8x8 heavy-duty trucks. The facility is developing hydrogen fuel cell and plug-in hybrid powertrains while reaching a production capacity of 3,000 vehicles annually.",7.3 billion Kč for plant modernization,CZE,TATRA,49.59947,18.14481,Koprivnice,TATRA Koprivnice
Tesla,https://www.electrive.com/2025/12/17/tesla-to-start-battery-cell-production-in-grunheide-from-2027/,ev,"Cars, Batteries",tesla-motors-grnheide,electrive.com,"The Grünheide Gigafactory produces electric vehicles and battery modules. Tesla is doubling production capacity to 1 million vehicles annually through 2026. Future expansions include full battery cell production targeting 8 GWh by 2027, a new R&D center, and enhanced logistical infrastructure.",€5 billion total Gigafactory investment,DEU,TESLA MOTORS,52.39399,13.791896,Grünheide,TESLA MOTORS Grünheide
Toyota,https://www.toyotacaetano.pt/,ev,Cars,toyota-caetano-portugal-ovar,Toyota Caetano Portugal,The Ovar plant produced approximately 250 to 260 units of the Toyota Accessible People Mover (APM). This electric microcar was developed to provide inclusive mobility for the Paris 2024 Olympic and Paralympic Games.,€14.5m investment in plant production,PRT,TOYOTA CAETANO PORTUGAL,40.85964,-8.625331,Ovar,TOYOTA CAETANO PORTUGAL Ovar
Toyota,https://www.czechinvest.gov.cz/en/Our-services/News/A-major-success-for-the-Czech-Republic-Toyota-to-start-manufacturing-electric-cars-and-batteries-in-Kolin,ev,Cars,toyota-kolin,CzechInvest,"Toyota Kolin has expanded its facility to 173,000 square meters to produce a new battery electric vehicle (BEV) and complete battery systems. The site includes a dedicated battery assembly facility as well as new paint and welding shops.",€680m investment for new production facility,CZE,TOYOTA MOTOR EUROPE,50.027329,15.202728,Kolin,TOYOTA MOTOR EUROPE Kolin
"Caetano, Toyota",https://www.bpfomento.pt/en/portfolio/caetanobus/,ev,Buses,toyota-vila-nova-de-gaia,Banco Português de Fomento,The Vila Nova de Gaia facility produces battery electric and hydrogen fuel cell buses. Current initiatives through 2026 include expanding zero-emission production capacity and launching a new generation of electric city and articulated buses featuring CATL battery systems.,€14.2m investment in plant facilities,PRT,TOYOTA MOTOR EUROPE,41.123876,-8.611785,Vila Nova de Gaia (Porto),TOYOTA MOTOR EUROPE Vila Nova de Gaia (Porto)
Toyota,https://newsroom.toyota.eu/toyota-announces-a-new-investment-in-a-circular-factory-in-poland/,ev,Engines/Electric motors,toyota-wabrzych,Toyota Motor Europe,"Toyota's Wałbrzych site features a 25,000-square-meter Circular Factory opened in 2026. The facility processes 20,000 end-of-life vehicles annually to recover, recycle, and refurbish traction batteries and other components.",€25m for initial electric vehicle program,POL,TOYOTA MOTOR EUROPE,50.80860839,16.32531149,Wałbrzych,TOYOTA MOTOR EUROPE Wałbrzych
Electric engines,https://www.valeo.com/en/our-presence-in-poland/,ev,Engines/Electric motors,valeo-siemens-eautomotive-czechowice-dziedzice,Valeo,"The Valeo facility in Czechowice-Dziedzice produces electric motors and high-voltage powertrains. Following a major expansion and conversion in 2021, the site provides specialized support for electric vehicle production.",€25m for initial electric vehicle program,POL,VALEO SIEMENS eAUTOMOTIVE,49.88443699,19.00004689,Czechowice-Dziedzice,VALEO SIEMENS eAUTOMOTIVE Czechowice-Dziedzice
"AMG, Mercedes-Benz; Lithium-ion battery modules and battery packs",https://www.electrive.com/2025/09/01/finnish-state-takes-control-of-valmet-and-ioncor/,ev,"Cars, Batteries",valmet-automotive-uusikaupunki,electrive.com,"The Uusikaupunki facility operates a major EV battery plant. Following the 2024 spinoff of the battery business into IONCOR, the Finnish State acquired a 70% majority stake in 2025. The site focuses on developing and commercializing modular battery systems for heavy-duty transport, commercial vehicles, and the automotive industry.",€175m investment for IONCOR plant expansion,FIN,VALMET AUTOMOTIVE,60.800202,21.422542,Uusikaupunki,VALMET AUTOMOTIVE Uusikaupunki
Vanwall hypercars,https://www.electrive.com/2023/01/19/vanwall-presents-compact-ev-with-racing-genes/,ev,Cars,vanwall-greding,electrive.com,Vanwall (ByKolles Racing) is assembling a limited 500-unit run of the Vandervell S and Vandervell S Plus electric hatchbacks at its Greding facility. There are no plans for a broader facility conversion or mass EV and battery production through 2026.,€25m for initial electric vehicle program,DEU,VANWALL,49.04802576,11.33774574,Greding,VANWALL Greding
VDL Jonckheere,https://www.sustainable-bus.com/news/vdl-centralizes-city-bus-production-in-belgium-cuts-jobs-in-the-netherlands-media-reports/,ev,Buses,vdl-roeselare,Sustainable Bus,"VDL Bus & Coach operates a 27,000m² production facility in Roeselare dedicated to the new-generation electric Citea city bus. The plant has an annual capacity of 800 units and became the company's centralized hub for all city bus production in September 2025.",€40 million in new plant investment,BEL,VDL GROUP,50.949909,3.129447,Roeselare,VDL GROUP Roeselare
"mini, midi bus by VDL Bus & Coach",https://www.vdlweweler.nl/en/news/vdl-nedcar-transition-to-a-broadly-oriented-partner-in-sustainable-mobility,ev,LCVs,vdl-venlo,VDL Groep,"VDL Special Vehicles in Born focuses on vehicle electrification, zero-emission heavy vehicles, and battery assembly. In Greenport Venlo, VDL Parree operates a 24,500-square-meter factory opened in 2026 for plastic automotive components, including EV battery cladding.",€25m for initial electric vehicle program,NLD,VDL GROUP,51.370375,6.172403,Venlo,VDL GROUP Venlo
"Audi, Porsche, Skoda, Volkswagen",https://newsnow.tasr.sk/volkswagen-slovakia-boosted-turnover-by-6-percent-to-e12-5-billion-in-2024/,ev,Cars,volkswagen-bratislava,TASR (NewsNow Slovakia) / Automotive Manufacturing Solutions,"The Bratislava site is an EV hub with a target annual production of 250,000 MEB-platform vehicles. The facility launched the fully electric Porsche Cayenne in 2026 and receives battery packs from a dedicated facility in Horná Streda.",€1b for e-mobility and EV conversion,SVK,VOLKSWAGEN GROUP,48.145892,17.107137,Bratislava,VOLKSWAGEN GROUP Bratislava
Volkswagen,https://www.electrive.com/2022/09/23/volkswagen-to-upgrade-chemnitz-factory/,ev,Engines/Electric motors,volkswagen-chemnitz,electrive.com,"Volkswagen is transitioning its Chemnitz plant to produce thermal management systems for electric vehicles. Production of these e-mobility components was scheduled to begin by the middle of the decade, while internal combustion engine production continues concurrently.",€25m for initial electric vehicle program,DEU,VOLKSWAGEN GROUP,50.827845,12.92137,Chemnitz,VOLKSWAGEN GROUP Chemnitz
Volkswagen,https://www.volkswagen-newsroom.com/en/volkswagen-ag-emden-plant-6110,ev,Cars,volkswagen-emden,Volkswagen Newsroom,"The Emden plant is an exclusive electric vehicle facility producing the ID.4, ID.7, and ID.7 Tourer. As of late 2024, the site transitioned to a pure EV assembly site by ceasing all combustion-engine vehicle production.",Over €1 billion in plant investment,DEU,VOLKSWAGEN GROUP,53.359403,7.206009,Emden,VOLKSWAGEN GROUP Emden
Audi,https://dailynewshungary.com/audi-to-build-new-electric-engine-plant-in-hungary/,ev,"Cars, Engines/Electric motors",volkswagen-gyr,Daily News Hungary,"Audi Hungaria's Győr facility has expanded to manufacture MEB ECO electric motors for Volkswagen Group's compact EVs, with series production commenced in the first half of 2026. The plant also produces rotors, plate packs, and power electronics alongside its existing production of Premium Platform Electric (PPE) motors.",€301 million investment in plant facilities,HUN,VOLKSWAGEN GROUP,47.687457,17.650397,Győr,VOLKSWAGEN GROUP Győr
Volkswagen,https://www.automotivemanufacturingsolutions.com/assembly/vw-hannover-to-become-multi-brand-production-plant/41349.article,ev,"Cars, LCVs",volkswagen-hannover,Automotive Manufacturing Solutions,"The Volkswagen Hannover plant produces the ID. Buzz and ID. Buzz Cargo. The facility assembles MEB battery systems, manufactures fast-charging stations, and produces three premium electric D-SUVs. As of 2026, production includes the ID. California camper and autonomous Level 4 ID. Buzz vehicles.",€680m in new EV production lines,DEU,VOLKSWAGEN GROUP,52.375892,9.73201,Hannover,VOLKSWAGEN GROUP Hannover
Audi,https://www.electrive.com/2024/04/15/audi-could-set-up-module-production-at-bollinger-hofe/,ev,Cars,volkswagen-heilbronn,electrive.com,"The Böllinger Höfe site in Heilbronn assembles the all-electric Audi e-tron GT. Since 2024, the facility has included battery module production for the Volkswagen Group’s Scalable Systems Platform, with a capacity of 1,000 modules per day.",No data available.,DEU,VOLKSWAGEN GROUP,49.178787,9.167804,Heilbronn,VOLKSWAGEN GROUP Heilbronn
Audi,https://www.electrive.com/2025/03/24/audi-plans-to-build-a3-like-ev-in-ingolstadt-from-2026/,ev,"Cars, Batteries",volkswagen-ingolstadt,Electrive,"The Ingolstadt site produces the Q6 e-tron and high-voltage batteries, having achieved net carbon-neutral production in 2024. As part of the 360factory strategy, the facility is beginning production of a new entry-level compact electric vehicle in 2026.",€500m for battery assembly and training,DEU,VOLKSWAGEN GROUP,48.766535,11.425754,Ingolstadt,VOLKSWAGEN GROUP Ingolstadt
"Skoda, Seat",https://www.czechtradeoffices.com,ev,Cars,volkswagen-kvasiny,CzechTrade Offices (Reporting on Škoda Auto),The Kvasiny factory is undergoing conversion from internal combustion engine assembly to electric vehicle production. This transition supports the scheduled launch of new fully electric models by 2028.,€1.2bn for electric vehicle plant expansion,CZE,VOLKSWAGEN GROUP,50.212494,16.263234,Kvasiny,VOLKSWAGEN GROUP Kvasiny
Volkswagen,https://euroweeklynews.com/2023/02/15/volkswagen-announces-plans-for-a-billion-plus-investment-in-its-landaben-navarra-plant/,ev,Cars,volkswagen-landaben,Euro Weekly News,"Volkswagen is converting the Pamplona assembly site into a multi-brand electric vehicle factory. Beginning in 2026, the facility produces small MEB platform EVs, including the Volkswagen ID.2 and the Skoda Epiq.",€1.024 billion investment in plant facilities,ESP,VOLKSWAGEN GROUP,42.807818,-1.686141,Landaben (Pamplona),VOLKSWAGEN GROUP Landaben (Pamplona)
Porsche,https://theevreport.com/porsches-electromobility-milestone-in-leipzig,ev,Cars,volkswagen-leipzig,The EV Report,"The Leipzig plant began series production of the all-electric Macan in May 2024. The facility utilizes a flexible production line capable of manufacturing electric, hybrid, and combustion engine vehicles.",€600 million in total plant investment,DEU,VOLKSWAGEN GROUP,51.339696,12.373075,Leipzig,VOLKSWAGEN GROUP Leipzig
"Audi, Cupra, Seat",https://www.electrive.com/2023/02/23/seat-prepares-martorell-plant-for-ev-production/,ev,Cars,volkswagen-martorell,electrive.com,"Volkswagen Martorell is transitioning to produce the Electric Urban Car family, including the CUPRA Raval and Volkswagen ID. 2all, with mass production starting in 2026. The site features a new battery assembly facility with an annual capacity of 300,000 units.",€3 billion for Martorell plant conversion,ESP,VOLKSWAGEN GROUP,41.479504,1.923048,Martorell,VOLKSWAGEN GROUP Martorell
Škoda; Petrol engines; Battery packs,https://electriccarsreport.com/,ev,"Cars, Engines/Electric motors, Batteries",volkswagen-mlad-boleslav,Electric Cars Report,"The Mladá Boleslav plant features a 55,000 square meter battery assembly hall with an annual capacity of 335,000 units. The facility supports the production of 200,000 electric vehicles annually, including the Epiq and Peaq models launched in 2026.",€205 million total plant investment,CZE,VOLKSWAGEN GROUP,50.413425,14.908438,Mladá Boleslav,VOLKSWAGEN GROUP Mladá Boleslav
MAN heavy trucks,https://press.mantruckandbus.com/corporate/historic-man-starts-series-production-of-electric-trucks/,ev,HDVs,volkswagen-munich,MAN Truck & Bus,"MAN Truck & Bus began series production of battery-electric trucks at its Munich plant in June 2025. The facility features an integrated production line for both electric and diesel heavy-duty trucks, with a maximum capacity of 100 units per day.",€400m for European plant electrification,DEU,VOLKSWAGEN GROUP,48.135125,11.581981,Munich,VOLKSWAGEN GROUP Munich
Audi,https://www.carexpert.com.au/car-news/audi-axing-thousands-of-jobs-in-cost-cutting-move,ev,Cars,volkswagen-neckarsulm,CarExpert,"The Neckarsulm plant is transitioning to full EV production under the 360factory strategy. Currently producing the e-tron GT, the facility is undergoing upgrades for next-generation electric vehicles and operates a battery module production site at Böllinger Höfe.",€250m for future EV production platforms,DEU,VOLKSWAGEN GROUP,49.192258,9.228709,Neckarsulm,VOLKSWAGEN GROUP Neckarsulm
MAN,https://polandobserver.com/manufacturing-industry/man-truck-bus-to-invest-pln-5-2-bn-near-krakow/,ev,HDVs,volkswagen-niepoomice,Poland Observer,"MAN Truck & Bus SE is developing an automated battery factory in Niepolomice with a planned annual capacity of over 200,000 units by 2030. The project includes an expansion of the existing assembly plant to support electric truck generations and mobility components.",zł5.2bn for EV and truck production,POL,VOLKSWAGEN GROUP,50.03000925,20.17549969,Niepołomice,VOLKSWAGEN GROUP Niepołomice
Volkswagen by VW AUTOEUROPA,https://www.electrive.com/2025/08/21/id-1-production-vw-seals-deal-with-portugal/,ev,Cars,volkswagen-palmela,electrive.com,The Volkswagen Palmela plant is scheduled to begin production of the ID.1 entry-level EV in mid-2027. The facility is transitioning to a Zero Impact Factory utilizing robotic battery assembly and geothermal energy.,€330m in new EV production infrastructure,PRT,VOLKSWAGEN GROUP,38.569441,-8.901694,Palmela (Setubal),VOLKSWAGEN GROUP Palmela (Setubal)
"Ford, Volkswagen",https://wbj.pl,ev,LCVs,volkswagen-pozna,Warsaw Business Journal,"Volkswagen is expanding its Września plant to produce the next-generation all-electric Crafter (eCrafter). The project includes a new 35,000 square meter body shop and a 24,000 square meter battery-storage facility, with completion scheduled for mid-2027.",zł1.5 billion in new plant production,POL,VOLKSWAGEN GROUP,52.41205207,17.03081969,Poznań,VOLKSWAGEN GROUP Poznań
Lamborghini,https://www.lamborghini.com/en-en/news/the-largest-investment-in-the-automobili-lamborghinis-history,ev,"Cars, Engines/Electric motors",volkswagen-santagata-bolognese,Automobili Lamborghini,The Sant'Agata Bolognese site is undergoing expansion under the 'Direzione Cor Tauri' program to support electric vehicle production. The facility features new research infrastructure and specialized production departments for hybrids and EVs. Lamborghini began hybridizing its entire lineup in 2024 and plans to launch its first fully electric model by 2028-2029.,Over €2 billion in manufacturing investment,ITA,VOLKSWAGEN GROUP,44.664776,11.134232,Sant'Agata Bolognese,VOLKSWAGEN GROUP Sant'Agata Bolognese
Scania; Battery modules and packs,https://www.emobility-engineering.com/scania-battery-assembly-plant-opens/,ev,"HDVs, Engines/Electric motors, Batteries",volkswagen-sdertlje,E-Mobility Engineering,"The Södertälje facility produces heavy-duty electric trucks and battery modules using Northvolt cells. The site includes an 18,000-square-meter battery assembly plant and integrated chassis production for electric and combustion vehicles. Ongoing infrastructure developments for electric and autonomous vehicles support Scania's target of 50% electric vehicle sales by 2030.",1.5 billion kr for battery assembly,SWE,VOLKSWAGEN GROUP,59.195363,17.625689,Södertälje,VOLKSWAGEN GROUP Södertälje
MAN,https://www.electrive.com/2022/10/13/man-presents-electric-bus-chassis-for-global-markets/,ev,Buses,volkswagen-starachowice,electrive.com,"The Starachowice facility produces the MAN Lion's City E fully electric city bus. Since 2024, the plant has expanded production to include the Lion's Chassis E, a fully electric bus chassis for global markets.",€25m for initial electric vehicle program,POL,VOLKSWAGEN GROUP,51.05566968,21.06010995,Starachowice,VOLKSWAGEN GROUP Starachowice
Porsche,https://www.electrive.com/2023/11/16/porsche-invests-in-electric-production-in-zuffenhausen/,ev,"Cars, Engines/Electric motors",volkswagen-stuttgart-zuffenhausen,electrive.com,"The Stuttgart-Zuffenhausen plant serves as a smart factory for the mixed production of combustion and electric sports cars, including the all-electric 718 models. The site also produces electric motors for the Macan EV and features a flexible AGV-based assembly line and an automated high-bay logistics warehouse established in 2025.",€250m investment in the plant,DEU,VOLKSWAGEN GROUP,48.833251,9.168805,Stuttgart-Zuffenhausen,VOLKSWAGEN GROUP Stuttgart-Zuffenhausen
"Volkswagen, Seat",https://www.electrive.com/2022/12/07/volkswagen-invests-e460-million-in-wolfsburg-plant/,ev,Cars,volkswagen-wolfsburg,electrive.com,"The Wolfsburg plant serves as an e-mobility hub, with full production of the all-electric ID.3 that commenced in 2024. Future production plans include a new electric compact SUV based on the MEB+ platform. As of 2025, the site completed retraining 22,000 employees for electric vehicle production.",€460 million investment in the plant,DEU,VOLKSWAGEN GROUP,52.42265,10.786546,Wolfsburg,VOLKSWAGEN GROUP Wolfsburg
"MAN, Volkswagen",https://fleet.ie/volkswagen-group-invests-in-expansion-of-wrzesnia-van-plant/,ev,LCVs,volkswagen-wrzenia,Fleet Transport / Warsaw Business Journal,"Volkswagen Commercial Vehicles is expanding its Września plant to produce the next-generation all-electric Crafter (eCrafter). The expansion includes a 35,000 sq m body shop and a 24,000 sq m battery storage and logistics facility, with construction scheduled for completion by mid-2027.",zł1.5 billion investment in the plant,POL,VOLKSWAGEN GROUP,52.29858969,17.51732214,Września,VOLKSWAGEN GROUP Września
"Audi, Cupra, Volkswagen",https://resource-recycling.com/plastics/2026/01/28/vw-investing-millions-in-auto-recycling-in-germany/,ev,Cars,volkswagen-zwickau,Resource Recycling,"The Zwickau facility is a 100% electric vehicle production site that transitioned from internal combustion engines in 2022. It serves as a central competence center for the circular economy, specializing in vehicle dismantling and EV component reuse.",€1.29 billion for EV and recycling,DEU,VOLKSWAGEN GROUP,50.710217,12.473372,Zwickau,VOLKSWAGEN GROUP Zwickau
Scania,https://www.electrive.com/2024/07/08/traton-could-build-a-third-assembly-plant-for-truck-batteries/,ev,HDVs,volkswagen-zwolle,electrive.com,"Traton is considering the Scania assembly site in Zwolle for a potential battery assembly plant for heavy-duty electric trucks. The facility would produce up to 100,000 battery modules annually, with production potentially starting by the early 2030s.","Approximately €200,000,000 in plant investment",NLD,VOLKSWAGEN GROUP,52.516775,6.083022,Zwolle,VOLKSWAGEN GROUP Zwolle
"Renault Trucks, Volvo Trucks",https://www.whichev.net/2022/03/14/hands-on-with-the-renault-e-tech-range-of-electric-goods-vehicles/,ev,HDVs,volvo-blainville-sur-orne,WhichEV.Net,"The Blainville-sur-Orne facility mass-produces medium-duty electric trucks for Volvo and Renault Trucks. In 2026, the plant expanded operations to include production of the Renault Trucks E-Tech D, an ultra-compact electric truck for urban deliveries.",€200 million for plant operations,FRA,VOLVO GROUP,49.21185984,-0.298160548,Blainville-sur-Orne,VOLVO GROUP Blainville-sur-Orne
Renault Trucks,https://www.electrive.com/2024/07/10/renault-trucks-is-getting-ready-for-electric-long-distance-freight-transport/,ev,HDVs,volvo-bourg-en-bresse,electrive.com,"The Bourg-en-Bresse plant produces heavy-duty Renault Trucks E-Tech T and C electric models. The facility features a 5,200-square-meter battery and drive unit assembly area, with production of a new 600-kilometer range long-haul electric truck scheduled for 2026.",€70m in plant investment,FRA,VOLVO GROUP,46.205167,5.225501,Bourg-en-Bresse,VOLVO GROUP Bourg-en-Bresse
Volvo; Battery packs,https://www.brusselstimes.com,ev,"Cars, Batteries",volvo-car-corporation-geely-gent,The Brussels Times,"The Ghent facility produces the fully electric EX30 and EX30 Cross Country. Following a 40,000-square-meter welding department expansion and the addition of 580 robots, the plant established a new battery pack assembly line with a target to produce 30,000 vehicles annually starting in 2025.",€200 million for facility investment,BEL,VOLVO CAR CORPORATION (GEELY),51.054342,3.717424,Gent,VOLVO CAR CORPORATION (GEELY) Gent
Volvo Cars,https://www.drive.com.au/news/volvo-invests-over-100-million-to-make-electric-motors-in-house/,ev,Engines/Electric motors,volvo-car-corporation-geely-skvde,Drive,"Volvo Cars has converted its Skövde powertrain plant to produce electric motors. The facility transitioned from internal combustion engines to full in-house e-motor manufacturing, with complete production established in 2025.",kr700 million in plant investment,SWE,VOLVO CAR CORPORATION (GEELY),58.37708408,13.87138684,Skövde,VOLVO CAR CORPORATION (GEELY) Skövde
Volvo cars,https://www.electrive.com/2022/02/08/volvo-prepares-to-invest-around-e1-billion-in-torslanda-plant/,ev,Cars,volvo-car-corporation-geely-torslanda,electrive.com,"The Torslanda plant produces next-generation fully electric vehicles as part of Volvo’s goal to be pure-electric by 2030. The facility includes a battery assembly plant and mega-casting technology, with upgraded assembly shops established following the end of diesel car production in early 2024.",€960m investment in plant facilities,SWE,VOLVO CAR CORPORATION (GEELY),57.723152,11.767669,Torslanda (Göteborg),VOLVO CAR CORPORATION (GEELY) Torslanda (Göteborg)
Volvo Trucks; Lithium-ion battery packs,https://cleantechnica.com/2022/10/27/volvo-group-to-produce-battery-modules-in-ghent-by-2025/,ev,"HDVs, Batteries",volvo-oostakker,CleanTechnica,"The Ghent plant began producing heavy-duty electric trucks in late 2023. A new 12,000-square-meter automated battery module assembly facility was scheduled to begin production at the site in 2025.",€75m investment in plant facilities,BEL,VOLVO GROUP,51.0852081,3.7858214,Oostakker (Gent),VOLVO GROUP Oostakker (Gent)
Volvo Group,https://www.his.se/en/news/,ev,Engines/Electric motors,volvo-skvde,University of Skövde / MarkLines,"The Skövde plant operates a battery pack assembly line, which was inaugurated in May 2024. In spring 2025, the facility expanded to include a battery assembly methods lab at the ASSAR Industrial Innovation Arena to develop future manufacturing processes and prototypes.",€25m for initial electric vehicle program,SWE,VOLVO GROUP,58.37917212,13.85969885,Skövde,VOLVO GROUP Skövde
Volvo Trucks,https://www.volvogroup.com/en/about-us/organization/our-production-facilities/tuve.html,ev,HDVs,volvo-tuve,Volvo Group,"The Tuve facility produces heavy-duty battery-electric trucks, including the Volvo FH Aero range, on a flexible mixed-model assembly line. As the first Volvo site to start series production of electric trucks in 2022, it remains a key EV manufacturing hub through 2026.",€25m for initial electric vehicle program,SWE,VOLVO GROUP,57.70887,11.97456,Tuve (Göteborg),VOLVO GROUP Tuve (Göteborg)
Volvo Group,https://www.renault-trucks.com/en/newsroom,ev,Engines/Electric motors,volvo-vnissieux,Renault Trucks Corporate Newsroom,The Vénissieux plant produces Power Distribution Boxes for electric and hydrogen heavy vehicles via the EMOB_VNX project. The facility also assembles Freegônes electric cargo bikes in partnership with Kleuster.,€25m for initial electric vehicle program,FRA,VOLVO GROUP,45.699594,4.884465,Vénissieux,VOLVO GROUP Vénissieux
,,chargepoint,EV Charging Equipment,chargepoint-siemens-leipzig,,Part of €1bn investment; Heliox integration; Focus on heavy-duty charging solutions.,,DEU,SIEMENS AG,50.98,12.43,Leipzig,SIEMENS AG Leipzig
,,chargepoint,EV Charging Equipment,chargepoint-abb-valdarno,,"$30m investment; Doubled production capacity; 16,000 m² manufacturing site.",,ITA,ABB E-MOBILITY,43.56,11.53,Valdarno,ABB E-MOBILITY Valdarno
,,chargepoint,EV Charging Equipment,chargepoint-alpitronic-bolzano,,Global expansion including USA; Proprietary SiC technology; Regional economic anchor in South Tyrol.,,ITA,ALPITRONIC,46.5,11.35,Bolzano,ALPITRONIC Bolzano
,,chargepoint,EV Charging Equipment,chargepoint-wallbox-barcelona,,"€9m investment; 750,000 unit annual capacity; Acquired ABL to expand European footprint.",,ESP,WALLBOX,41.39,2.17,Barcelona,WALLBOX Barcelona
,,chargepoint,EV Charging Equipment,chargepoint-kempower-lahti,,"New 10,000 m² factory; Over 200 new jobs created; Strong municipal partnership in Lahti.",,FIN,KEMPOWER,60.98,25.66,Lahti,KEMPOWER Lahti
,,chargepoint,EV Charging Equipment,chargepoint-schneider-le-vaudreuil,,WEF Lighthouse factory designation; High-efficiency production; Key training hub for smart energy systems.,,FRA,SCHNEIDER ELECTRIC,49.26,1.21,Le Vaudreuil,SCHNEIDER ELECTRIC Le Vaudreuil
,,chargepoint,EV Charging Equipment,chargepoint-alfen-almere,,"New 24,000 m² headquarters; €500m+ annual revenue; Smart grid integration focus.",,NLD,ALFEN,52.35,5.26,Almere,ALFEN Almere
,,chargepoint,EV Charging Equipment,chargepoint-ekoenergetyka-zielona-gora,,20% share of Polish bus charging market; Doubled turnover; Backed by Enterprise Investors.,,POL,EKOENERGETYKA,51.94,15.5,Zielona Góra,EKOENERGETYKA Zielona Góra
,,chargepoint,EV Charging Equipment,chargepoint-zaptec-stavanger,,€110m annual revenue; Part of strong regional charging cluster with Easee in Stavanger.,,NOR,ZAPTEC,58.97,5.73,Stavanger,ZAPTEC Stavanger
,,chargepoint,EV Charging Equipment,chargepoint-easee-stavanger,,Regulatory recovery following earlier challenges; Key employer in the Norwegian tech sector.,,NOR,EASEE,58.97,5.73,Stavanger,EASEE Stavanger
,,chargepoint,EV Charging Equipment,chargepoint-ctek-vikmanshyttan,,Grid management and energy storage focus; Approximately 200 employees; Refocused after GM partnership ended.,,SWE,CTEK,60.3,15.82,Vikmanshyttan,CTEK Vikmanshyttan
,,chargepoint,EV Charging Equipment,chargepoint-garo-gnosjo,,Manufacturing in Sweden and Poland; Revenue declined in late 2024 amid market headwinds.,,SWE,GARO,57.36,13.74,Gnosjö,GARO Gnosjö
,,chargepoint,EV Charging Equipment,chargepoint-keba-linz,,"€514m annual revenue; 2,100 employees; Acquired EnerCharge to strengthen charging portfolio.",,AUT,KEBA,48.31,14.29,Linz,KEBA Linz
,,chargepoint,EV Charging Equipment,chargepoint-efacec-matosinhos,,"Acquired by Mutares; 2,000 employees; Undergoing restructuring to support growth in EV charging.",,PRT,EFACEC,41.18,-8.69,Matosinhos,EFACEC Matosinhos
,,chargepoint,EV Charging Equipment,chargepoint-delta-dubnica,,Central European hub for Delta Electronics; Deep supply chain integration with parent Taiwanese conglomerate.,,SVK,DELTA ELECTRONICS,48.96,18.17,Dubnica nad Váhom,DELTA ELECTRONICS Dubnica nad Váhom
,,chargepoint,EV Charging Equipment,chargepoint-enovates-lokeren,,Vehicle-to-Grid specialist; Volatile revenue (€34m to €12m); Strong R&D focus on V2G technology.,,BEL,ENOVATES,51.1,3.99,Lokeren,ENOVATES Lokeren
,,chargepoint,EV Charging Equipment,chargepoint-elinta-kaunas,,€7m investment; Design-led export strategy; Part of the growing Kaunas technology cluster.,,LTU,ELINTA CHARGE,54.9,23.9,Kaunas,ELINTA CHARGE Kaunas
,,chargepoint,EV Charging Equipment,chargepoint-mc-chargers-thessaloniki,,Acquired by Cosmos Aluminum; Relocating to Sindos industrial zone; Focus on Megawatt Charging System (MCS).,,GRC,MC CHARGERS,40.64,22.94,Thessaloniki,MC CHARGERS Thessaloniki
,,chargepoint,EV Charging Equipment,chargepoint-dbt-brebieres,,Euronext-listed; Key player in ultrafast public charging hubs across France.,,FRA,DBT,50.34,3.02,Brebières,DBT Brebières
,,chargepoint,EV Charging Equipment,chargepoint-ads-tec-dresden,,20 MW battery storage contracts awarded in 2025; Specialist in grid-buffering ultrafast charging.,,DEU,ADS-TEC ENERGY,51.05,13.74,Dresden,ADS-TEC ENERGY Dresden
,,chargepoint,EV Charging Equipment,chargepoint-webasto-schierling,,Divested majority of charging business to Transom Capital; Retained minority stake and production facility.,,DEU,WEBASTO,48.83,12.14,Schierling,WEBASTO Schierling
,,chargepoint,EV Charging Equipment,chargepoint-compleo-dortmund,,Acquired by Kostal Group; Wickede and Wambel sites closed; Dortmund facility retained as production base.,,DEU,COMPLEO,51.51,7.47,Dortmund,COMPLEO Dortmund
,,chargepoint,EV Charging Equipment,chargepoint-abl-lauf,,Acquired by Wallbox; Continues to focus on DACH market compliance; Family-owned exit following acquisition.,,DEU,ABL,49.51,11.28,Lauf an der Pegnitz,ABL Lauf an der Pegnitz
,,chargepoint,EV Charging Equipment,chargepoint-heliox-best,,Acquired by Siemens; 330 employees; Leading position in heavy-duty and bus depot charging.,,NLD,HELIOX,51.51,5.39,Best,HELIOX Best
,,chargepoint,EV Charging Equipment,chargepoint-go-e-feldkirchen,,80 employees; Management pivot towards export markets; SME success story in Austrian tech sector.,,AUT,GO-E,46.72,14.1,Feldkirchen,GO-E Feldkirchen
,,chargepoint,EV Charging Equipment,chargepoint-smart-electric-jaunmarupe,,"Supported by Latvian Investment and Development Agency (LIAA); 2,000+ installations; Exporting to US and EU markets.",,LVA,SMART ELECTRIC TECH,56.88,24.05,Jaunmarupe,SMART ELECTRIC TECH Jaunmarupe
,,chargepoint,EV Charging Equipment,chargepoint-zpue-wloszczowa,,Large utility infrastructure supplier; Integrated energy storage and charging solutions; Major regional employer.,,POL,ZPUE,50.85,19.97,Wloszczowa,ZPUE Wloszczowa
,,chargepoint,EV Charging Equipment,chargepoint-enelion-gdansk,,60 employees; $1.3m funding round; Focus on smart AC charging and energy management.,,POL,ENELION,54.35,18.65,Gdansk,ENELION Gdansk
,,chargepoint,EV Charging Equipment,chargepoint-voltdrive-prostejov,,Component manufacturing for EV charging; Integrated into the Central European automotive supply chain.,,CZE,VOLTDRIVE,49.47,17.11,Prostejov,VOLTDRIVE Prostejov
,,chargepoint,EV Charging Equipment,chargepoint-olife-prague,,Battery storage integration specialist; Powered by Olife proprietary technology; Focus on grid balancing solutions.,,CZE,OLIFE ENERGY,50.08,14.43,Prague,OLIFE ENERGY Prague
